aasen,22
aasta,2
abandon,7
abandoning,1
abandonment,82
ability,1
absence,20
absent,4
abundance,3
accelerator,1
accelerometer,2
acceptance,2
access,1
accessory,1
accident,7
accommodate,1
accordance,11
account,2
accumulation,188
accuracy,1
acetone,2
acid,44
acidisation,1
acidization,29
acidizing,8
acidwater,2
acquire,14
acquisition,39
acreage,3
act,3
acting,1
action,5
activity,13
ad,1
adamantane,1
adaptor,1
addition,168
additive,13
address,1
adequacy,3
adjustment,1
aegis,2
aeolian,1
afe,6
affinity,2
agard,1
agat,31
age,664
agent,3
aggregate,5
agip,4
agn,2
agotne,2
agreement,21
aid,13
aim,10
aimee,1
air,402
aker,18
akkar,4
aktaflo,1
aladdin,1
alarm,1
albatross,6
albert,3
albiorix,1
albuskjell,11
aldra,9
alexander,1
alfa,3
align,1
alkane,12
alke,7
alliance,3
allow,2
alpha,168
alta,22
alteration,2
alternating,1
alternative,1
aluminium,1
alun,2
alve,2
amanda,2
amber,2
ambient,1
amend,1
amendment,1
ammonium,1
amoco,4
amol,2
amount,171
amp,31
amphibolite,2
amplitude,47
amundsen,59
analogue,4
analogy,3
analyse,4
analyser,3
analysis,482
analyst,1
ancho,1
anchor,51
anchovy,1
anco,83
ancomel,1
ancoresin,1
ancotemp,13
ancoterm,2
ancotherm,6
ancovert,23
andrew,1
andrews,1
angel,1
angle,140
anhydrite,6
anisian,3
anno,2
annulus,14
anomaly,95
ansi,71
antare,6
anticline,27
antiform,2
apex,11
api,350
apollo,4
apollon,1
appearance,9
appr,1
appraisal,1032
approach,2
approx,10
apr,1
april,320
apron,1
aptian,2
aqua,19
aquacol,9
aquadril,24
aquadrill,19
aquagel,1
aquamul,1
aquifer,2
aquitaine,1
ar,1
arcade,4
arch,17
archipelago,3
arco,1
arctic,14
area,513
arenaria,2
argon,2
argyll,3
arm,2
armada,1
aromatic,1
array,1
arrival,2
artificial,1
artinskian,4
ascertain,2
asgard,1
ash,6
asha,18
askeladd,1
askja,10
aspect,1
asphalt,2
asphaltene,2
asselian,1
assemblage,1
assembly,56
assess,8
assessment,3
assignment,2
assist,3
association,4
assurance,1
asta,3
asterix,1
astero,6
asymmetric,1
atla,3
atlantis,1
atlas,2
atmosphere,1
attapulgite,1
attempt,143
attribute,1
aubrey,1
augunshaug,1
august,110
auk,1
aurelia,1
aurora,4
authigenesis,1
authority,2
authorization,1
autumn,2
availability,2
avaldsne,23
average,24
averaging,1
avo,7
avoid,2
award,3
ax,2
axis,3
ay,2
azimuth,12
azimuthal,1
back,1
background,85
bacteria,1
bag,1
bail,1
bailing,1
baker,5
balance,4
balder,247
balderbra,1
ball,5
balling,2
ballooning,1
band,12
bank,83
bar,259
bara,4
baradril,2
baraecd,1
baranex,2
barasil,3
barasilc,11
barazan,1
barchan,3
barefoot,1
barent,115
barg,1
barite,9
barium,2
bark,1
baroid,2
barrel,48
barremian,1
barren,1
barrier,64
basal,45
basalt,1
base,433
basement,291
basin,318
basis,13
basket,7
bat,98
batch,2
bathonian,5
battery,1
bbl,36
bbls,4
bcpd,1
bcu,40
bean,1
bearing,732
bed,286
bedrock,3
beerensberg,1
beginning,4
behalf,3
behavior,1
behaviour,4
bella,2
bentonite,329
bergen,98
berriasian,4
beset,1
beta,65
betveene,1
bha,19
bhc,4
bhfp,1
bhp,2
bhst,1
bht,35
bideford,7
biodegradation,6
bioevent,2
biogenic,9
bioherm,1
biomarker,5
biostratigraphy,12
biotitt,1
bioturbation,1
biscay,14
bister,2
bit,128
bituman,7
bivrost,1
bjaaland,1
bjarmeland,19
bjarmøyrenna,1
bjørgvin,25
bjørk,1
bjørn,2
bjørnøya,11
bjørnøyrenna,7
blabær,3
blane,1
blanketing,1
blaveis,1
blavola,1
bleed,8
bleeding,5
blend,1
block,549
blocky,1
blod,2
blodøks,11
blooming,1
blow,23
blowout,7
bo,1
boa,3
board,3
boarder,2
boat,4
bob,1
body,34
boiling,2
boknfjord,4
bolster,1
bond,2
bonding,3
bone,3
bonnet,3
bookmark,1
boom,3
boomerang,1
bootstrap,1
bop,139
bopd,4
border,77
borderline,1
bore,362
borehole,25
borewell,2
borg,2
borgland,46
borgny,40
borr,2
bot,1
bottle,16
bottom,171
boulder,60
bouma,1
boundary,26
bounding,7
bowmore,2
box,2
bpd,2
bpm,1
bpn,1
br,3
brack,1
brae,2
brage,30
braid,1
branch,1
brand,3
brasse,9
brattholman,1
bravo,2
brea,1
bread,1
break,33
breakage,1
breakdown,6
breakthrough,7
bream,21
breathing,1
breccia,8
breccias,1
bredford,53
breeze,1
breiflab,2
bremstein,2
bren,1
brent,987
brentgroup,1
brick,2
bridge,5
bridging,4
brine,18
broker,1
brookit,1
brookitt,3
broom,2
brown,1
brownish,3
broxin,3
brygge,14
bryne,133
brynhild,2
bryozoan,1
bsw,5
bsx,1
bt,1
bubble,37
bucentaur,2
budget,16
bue,6
buff,1
build,51
building,18
bulandet,1
bull,1
bullet,1
bulletin,1
bulliforme,2
bumper,2
bunter,4
buoy,1
burial,4
burner,1
burst,1
burton,16
bushing,1
butane,2
butch,14
byford,43
bypass,5
byrkje,1
bønna,1
børglum,1
ca,9
cable,38
cacl,7
caco,9
caeru,1
caerus,1
calceranite,1
calcification,2
calcite,21
calcium,6
calculation,6
caledonian,6
calibration,11
cam,1
cambria,6
camera,1
cameron,1
campanian,9
can,2
candidate,1
canon,1
canyon,2
cap,66
capacity,8
cape,32
cara,1
carbargillite,3
carbo,18
carbon,15
carbonaceous,1
carbonate,145
carbosea,23
carbotech,1
carboxymethyl,1
care,1
carlsberg,1
carman,1
carnian,4
carrier,2
case,59
casing,335
castberg,4
castor,1
cat,6
catch,1
catcher,5
category,2
cation,1
cato,1
cause,15
causing,2
cavern,1
caving,21
cavity,1
cbl,3
cc,123
ccm,1
cdr,4
cell,3
cellulose,1
celpol,1
cement,176
cementation,19
cementing,5
cenomanian,9
cent,3
centimetre,1
centraliser,1
centre,18
cerberus,1
cero,1
certainty,1
certification,2
cesium,1
cf,3
cgr,2
chain,14
chalk,301
chalky,1
challenge,3
chamber,120
chamonix,2
chance,4
change,49
channel,33
channelling,2
character,10
characterise,1
characteristic,77
charge,8
check,38
checking,2
checkshot,1
chekshot,1
chem,1
chemical,5
chemtrol,1
chenery,2
chert,9
cherty,1
chft,2
chimney,3
chip,15
chist,1
chloride,15
chlorine,1
chlorite,3
chloroform,2
choice,2
choke,330
choose,1
chris,2
christensen,1
chromatogram,1
chromatograph,11
chromatography,1
chrome,4
chromium,6
cht,2
chunk,1
ci,1
cinerite,1
circuit,2
circulate,1
circulating,2
circulation,136
cl,5
clapton,1
clarify,4
class,23
classification,4
clast,2
clastic,13
clay,140
clayey,1
claystone,516
cleaning,6
cleanup,11
clearing,2
cliffhanger,2
clinoform,1
close,6
closing,5
closure,208
cloud,1
cluster,3
cm,373
cmc,75
cmr,1
cm³,2
cnl,5
co,120
coal,173
coalification,1
coaly,7
coarse,8
coarser,6
coast,8
coating,1
coccolith,1
cod,37
coeus,2
coeval,1
coffee,2
coil,1
coincide,5
col,2
cola,1
coldwater,1
colette,1
collapse,3
collar,9
collect,1
collection,4
coloration,1
colour,16
column,394
combat,2
combination,19
combine,1
combo,1
commence,2
commencement,1
commencing,1
comment,1
commercial,1
commerciality,4
commitment,35
communication,183
compaction,6
company,1
comparison,9
compartment,78
compatibility,1
compensate,2
compensator,3
complement,1
completion,38
complex,48
complexity,3
complexly,1
complicate,1
complication,1
component,34
composition,41
compound,2
compression,1
comprise,4
comprising,2
computation,1
computer,1
concentrate,2
concentration,17
concept,13
concern,8
concert,3
concession,3
conclude,3
conclusion,8
concretion,1
condansate,1
condensate,492
condensation,1
condition,155
conditioning,4
conduct,4
conductivity,1
conductor,43
cone,7
confidence,2
configuration,9
confirm,16
confirmation,7
confirmed,1
conflct,1
conflict,6
conformance,1
conglomerate,62
coniacian,1
coning,10
conjunction,3
connect,2
connection,20
connectivity,3
connector,9
conoco,5
consensus,1
consent,2
consequence,10
consequential,1
consideration,6
consist,17
consolidation,2
constant,1
constituent,1
constitute,2
consumption,1
contact,1018
contain,40
contaminant,3
contamination,94
content,170
contingency,4
contingent,2
continuation,24
continuity,16
contract,6
contractor,3
contradiction,2
contrast,10
contributing,2
contribution,13
contributor,3
control,73
controlling,1
convergence,1
conversion,25
cook,216
cooper,1
coordinate,3
copper,2
coquina,1
coral,5
core,1908
cored,8
corer,1
coriband,6
coring,28
corner,25
corporation,1
correction,13
correlate,3
correlation,34
correspond,15
corrosion,3
corvus,5
cosl,5
coslpioneer,2
cost,14
count,1
counter,1
county,1
couple,1
course,5
cover,6
coverage,4
cpi,18
crack,1
crater,5
crawford,2
cream,7
creek,3
crenulate,1
crest,40
cretaceous,36
crew,8
criterion,15
cromer,120
crop,6
cross,8
crossbill,1
crosse,1
crossing,4
crown,1
crude,8
crush,15
crust,2
crux,1
crystal,5
crystalline,4
crystallization,2
cs,1
csem,2
csg,2
cst,1
ct,3
culmination,11
cure,10
curie,1
curing,1
curran,3
current,1
curve,4
cushion,32
cut,6
cutback,1
cutoff,2
cutter,3
cutting,373
cx,3
cyberlook,1
cyclop,1
cygnus,1
cylinder,1
dac,2
dagmar,1
dagny,21
dal,1
damage,21
danger,3
danian,20
danish,2
darcie,3
darcy,23
darwin,1
data,44
database,3
dataset,1
date,16
dating,4
datum,479
david,1
day,1328
dcember,1
dcp,2
ddm,3
dean,1
debris,3
decay,5
december,301
decimetre,1
decision,42
deck,2
decrease,8
dee,1
deegan,1
deep,1
deepsea,168
deepseas,1
deepwater,4
def,1
defect,1
define,28
definition,7
deflandrea,1
deflection,1
deg,434
degapi,1
degasser,2
degradation,3
degree,68
delay,29
delfin,2
delineate,26
delineation,5
deliverability,4
delivery,1
delta,139
demobilization,1
demonstrate,1
denmark,2
denotation,1
density,398
departure,1
dependence,1
deplete,2
depletion,54
depocentre,1
deposit,54
deposition,14
depositional,1
depression,11
depth,1125
derrick,1
desco,6
describe,1
description,21
desember,1
design,11
designation,1
destruction,2
detail,1
detect,4
detection,11
detector,5
detergent,2
deterioration,1
determination,4
determine,16
development,240
deviation,138
device,2
dew,6
dextrid,8
df,1
dhi,5
dhsv,1
diac,1
diagenesis,3
diagenetic,1
diameter,14
diamond,6
diapir,25
diapirism,4
diaseal,1
diesel,100
difference,45
differential,2
difficulty,46
diffraction,1
diffuse,1
dilution,1
dinoflagellate,3
dioxide,1
dip,196
dipmeter,2
dipping,17
direction,51
directorate,7
disappearance,2
disconnect,2
discover,1
discovery,1329
discrepancy,13
displacement,8
display,1
dispute,4
distal,4
distance,17
distillate,1
distillation,1
distinction,2
distribution,47
disturbance,1
ditch,17
ditto,1
dive,2
diver,2
division,1
dll,2
doc,1
document,1
documentation,1
dog,2
dogger,4
dogleg,4
dole,1
dolerite,3
dolomite,32
dolomitization,2
dolphin,136
domal,5
dome,31
dominate,1
doming,1
dompap,2
donna,2
donnatello,3
donor,1
doubt,1
dovregubben,1
down,1
downdip,2
downflank,4
downhole,21
download,1
downtime,25
downward,24
dp,1
drag,5
drager,2
drain,1
drainage,11
draining,1
drake,129
drape,2
draugen,42
draupne,559
draw,15
drawdown,19
drawing,1
dri,1
drift,4
driftwood,1
drill,1991
drillability,2
driller,55
drilling,977
drillmaster,6
drillpipe,1
drillship,4
drillstem,2
drillstring,1
drilplex,1
drispac,75
drive,9
driver,1
drop,12
dropping,3
drum,1
dry,38
dsi,1
dss,1
dst,1162
dt,1
dts,1
duck,3
dune,1
dunlin,196
duotec,1
duponol,1
duration,13
dvd,1
dw,8
dxc,1
dyke,32
dynamic,4
dyno,1
dyvi,79
dønna,32
dønnn,1
earb,1
earth,1
east,449
eastward,5
ebba,1
ebm,1
ecd,8
echelon,1
edc,2
edda,6
edgar,1
edge,30
edvard,18
edvarda,1
eel,1
effect,46
effectiveness,2
efficiency,3
effluent,1
effort,9
egdar,2
egersund,27
egg,1
egga,17
ehv,19
eik,2
eirik,7
eirikson,7
eiriksson,45
eirikssoon,1
ekofisk,296
elara,1
elastic,5
eldfisk,58
element,18
elevation,2
elevator,3
elli,2
ellida,2
ellingrasa,1
em,23
emanating,1
embla,9
emergency,2
emplacement,1
emulsion,23
emv,1
emw,1
enabler,8
encounter,23
end,84
ene,1
energy,5
engine,4
engineering,8
eni,3
enoch,1
ensis,2
ensure,2
enter,3
entering,2
entire,2
entry,273
enviromud,1
environ,1
environment,10
environmul,1
eo,1
eocene,62
eom,1
epidot,1
episode,1
epsilon,26
equalization,2
equation,1
equipment,51
equivalence,1
equivalent,14
erikson,1
eriksson,8
erlend,2
ermintrude,5
erosion,33
error,8
escape,1
escarpment,2
espevær,2
esso,1
establish,3
establishment,1
ester,5
estimate,23
estimation,4
estuarine,1
eta,1
ethane,2
ether,2
eval,14
evaluate,11
evaluation,150
evaporation,5
evaporite,27
even,1
evening,4
event,46
evidence,24
evident,1
evolution,2
examination,3
examine,5
exception,23
excess,1
exclude,1
exhibit,5
exist,1
existence,16
existent,1
exlog,1
expand,1
expansion,12
expectation,3
experience,9
expiration,1
explanation,3
exploitation,1
exploration,308
explore,26
explorer,32
explosive,1
exponent,2
exposure,3
expression,1
expulsion,2
extend,2
extension,97
extent,32
extention,1
extract,20
extraction,4
extrapolate,1
extrapolation,6
exude,1
eye,1
ezsv,3
fabrication,1
face,6
facie,55
facility,11
fact,14
factor,10
failsafe,2
failure,85
faint,7
fair,2
fairway,3
falk,22
fall,4
falster,1
family,26
fan,40
fangst,188
farm,1
farsund,16
fashion,1
fate,1
fault,571
faulting,5
fauna,4
favor,1
favour,3
fbhp,1
fbht,1
feature,43
february,96
feda,39
fedje,1
feldspar,5
felle,2
felsic,1
fenris,1
fensal,15
fensfjord,165
fensford,1
fernstar,3
fiberglas,1
fibre,1
fibreglass,4
field,1164
fifth,1
figure,7
fill,16
filling,5
film,24
filtrate,293
final,1
find,1
finding,3
fine,16
finer,2
fingerdjupet,4
fingering,1
fingerprint,4
fingerprinting,2
finish,1
finmark,5
finnmark,5
finnvær,1
fire,7
firm,3
firth,3
fish,90
fished,1
fishing,82
fiskebank,3
fissile,1
fissure,3
fit,25
fix,1
fjord,1
fjordane,1
flag,1
flair,1
flake,2
flange,1
flank,240
flanking,2
flantorsk,3
flare,3
flash,14
flatfisk,2
flatspot,13
fle,1
flekkefjord,6
fleming,1
flexibility,4
flint,3
float,2
floater,1
flood,1
floodplain,1
floor,69
flopetrol,2
florescence,1
florø,2
flosal,14
flour,2
flow,591
flowing,1
flowtank,1
flu,1
fluctuation,1
fluid,627
fluorescence,542
fluorescent,32
fluourescence,1
fluvial,10
fluvio,2
flyndre,2
fløien,1
fmi,4
fms,2
fmt,238
foam,1
fogelberg,1
foldvik,1
follow,3
fomation,1
fomle,2
fongen,1
font,39
foot,49
footwall,1
fore,1
forecast,3
form,20
format,3
formate,9
formatio,1
formationand,1
formatoion,1
formaton,1
formix,1
formpro,3
forseti,2
forty,49
fossekall,3
fossil,6
foundation,1
fpv,2
fr,1
frac,2
fraction,8
fracture,37
fracturing,3
fragment,11
fram,19
frame,1
framework,1
freed,1
freshwater,8
frigg,255
fringe,6
fro,4
froan,5
frode,1
frog,1
frontier,9
frosk,4
fruholman,99
frøy,19
frøya,5
ft,42
fthp,2
fulfil,20
fulfill,3
fulla,1
future,2
fwhp,1
fwl,30
fynn,1
gabbro,1
gad,1
gain,13
gal,2
galant,4
gallant,1
gallon,71
galtvort,4
gamma,118
garantiana,7
gardrofa,2
garja,3
garn,422
gas,5764
gasoil,1
gasol,1
gasoline,1
gass,1
gassum,16
gather,2
gator,1
gauge,68
gb,134
gcms,1
gcr,7
gdt,13
geco,6
geitfjellet,1
geitungen,5
gekko,14
gel,379
gell,1
gem,87
gemini,1
generating,1
generation,44
generator,1
geo,5
geochemistry,12
geohazard,1
geolab,3
geological,3
geologist,3
geology,11
geometry,5
geoscience,1
geosphere,1
geotap,4
gert,5
gertrude,1
gfa,1
ghmt,2
giant,3
giip,1
gimle,6
gimsan,9
gina,11
gipsdalen,3
give,1
giving,1
gj,1
gjallar,2
gjøk,1
glacio,1
glaciomarine,2
glass,2
glauconite,2
glitne,2
glomar,33
glr,1
glycol,242
glydril,148
glydrill,6
gm,3
gnatcatcher,2
gneiss,3
gnomoria,1
go,1
goal,4
goanna,1
goc,105
godzilla,1
golar,3
gold,12
goldfinger,2
goliat,17
goliath,4
goo,1
good,4
goodrich,3
gooseneck,1
gor,85
gorilla,1
gotama,1
gotha,1
government,3
gow,2
gp,12
gr,27
graben,63
grade,7
gradient,429
grading,5
grain,28
gram,1
grame,5
grane,29
granite,11
granitic,3
grasel,4
graspett,2
gravel,33
gravitation,1
gravity,746
greenish,1
greenland,4
greg,1
grensen,4
gretel,1
grevling,5
grey,7
grid,62
grieg,21
grinda,7
grinna,1
grip,2
grizzly,2
grn,1
gro,2
groove,1
grosbeak,4
gross,6
grosso,3
ground,4
group,132
growth,2
grønøy,1
gs,1
gst,2
gt,8
guard,1
guardian,25
gudrun,39
gugne,1
guide,22
guideline,1
guidepost,1
gulf,2
gulftide,2
gullfak,135
gullfaks,1
gullris,2
gullveig,2
gumbo,19
gun,6
gungne,2
gunnvald,1
guovca,2
gwc,60
gwr,1
gygrid,4
gymir,1
gyp,4
gypsum,177
haakon,2
haapet,1
hade,2
hagar,1
haklang,1
haldager,1
half,24
halite,1
halliburton,2
halokinesis,5
halt,1
halten,37
haltenbanken,21
halvø,1
hamburg,1
hamsun,4
han,1
hand,2
handling,1
hang,1
hanger,11
hanging,1
hanna,1
hanz,12
harald,1
haraldsplass,1
harbour,2
hardrade,5
hardrode,1
haribo,1
harm,1
harstad,1
hasselmus,1
hat,1
haugesund,3
hauk,1
hauterivian,1
havert,10
havsule,1
hawkin,1
hazard,11
hc,15
hdil,1
hdt,1
head,39
headed,1
heater,7
heather,22
heating,1
hedda,2
hedila,2
hegre,93
heidrun,37
height,11
heilo,2
heimdal,245
heimdalshø,1
hekkingen,81
helene,1
helgeland,6
helland,1
hellespoint,1
helmsen,4
help,4
heno,1
henry,3
hercule,4
herja,1
heterogeneity,6
heterolithic,1
hexane,1
hginj,1
hiatus,11
hidra,22
high,9
hild,5
hilde,2
hinge,1
history,30
hitra,1
hl,1
hod,143
hold,4
holder,1
hole,15
holocene,1
hook,3
hoop,8
hope,1
hordaland,140
hordaplatform,1
horizon,89
horizontal,3
horn,2
horner,17
horse,4
horst,2
hose,6
host,2
hour,139
housing,6
hpc,1
hpd,1
hpht,20
hpwbm,1
hr,8
hrs,24
hthp,5
html,1
hudbay,1
hufsa,2
hugin,264
huldra,6
hull,1
hummer,2
hundred,1
hunter,8
hurri,1
husmus,1
hvithval,2
hvitolje,1
hvitveis,1
hydrate,5
hydraulic,2
hydril,1
hydro,9
hydrocabon,1
hydrocarbn,1
hydrocarbon,2668
hydrogen,53
hydrostatic,2
hyme,4
hypothesis,1
hyrokkin,1
iapetus,1
iatroscan,1
ib,2
ic,1
ice,3
iceberg,1
id,1
ideal,1
identification,6
ie,2
igp,1
ih,1
ihs,18
ii,62
iia,4
iib,1
iii,4
iku,3
ile,10
illite,2
illustration,1
image,7
imager,1
imbalance,1
imco,8
immature,5
immaturity,2
impact,1
impairment,1
impedance,7
imply,1
importance,5
improvement,4
impure,1
inability,1
inaccuracy,1
inch,55
incident,50
incitement,1
inclination,79
inclusion,5
increase,70
indeterminate,3
index,54
indicating,1
indication,224
indicator,10
induction,1
industry,1
inergen,1
inferred,1
infill,2
inflow,3
influence,4
influx,49
information,90
inhibit,2
inhibition,2
inhibitor,2
initiate,1
injection,102
injectite,9
injectivity,4
injector,23
injury,2
inlier,2
inn,1
innovator,25
innovert,25
inovert,1
inpac,1
input,12
insert,1
insight,2
inspection,11
instability,24
installation,1711
installing,1
instance,4
instant,1
instrument,2
inte,2
integrator,1
integrity,6
intensity,4
intention,7
inter,1
interbed,38
intercalation,4
interception,1
interceptor,14
interest,17
interface,1
interference,8
intergranular,2
interparticle,2
interpret,2
interpretation,126
interruption,3
intersect,2
intersection,10
interval,2484
intervention,1
intra,2
introduction,1
intrusion,5
intrusive,2
invasion,16
inversion,5
invert,6
investigate,3
investigation,5
ion,1
irdv,1
iris,2
iron,1
isbjørn,5
isf,2
isfjell,1
iskrystall,1
island,30
isle,58
iso,2
isochron,2
isolate,3
isolation,4
isopachs,1
isopropanol,1
isotope,3
isotube,4
issue,10
item,1
itre,3
ivar,22
ivory,1
jack,165
jacket,2
jacob,2
jakob,6
jamming,3
jan,5
january,86
jar,5
jarring,2
je,4
jet,3
jetta,2
jette,2
joan,1
joanne,2
job,35
johan,3
johansen,5
joint,11
jordbær,9
jorsalfare,22
jorvik,1
jotun,18
joule,1
ju,10
judy,5
juksa,1
julius,3
july,326
jump,2
junction,3
june,348
junk,65
junksub,1
jurassic,902
justify,1
justifying,2
jutlander,26
juv,1
jµren,1
jæren,15
kai,9
kakelborg,1
kameleon,5
kamskjell,1
kaolinite,2
kap,13
kapp,25
karl,1
karmsund,1
karpe,1
karst,3
katla,1
kayak,4
kc,1
kcl,105
keeping,1
kemseal,1
kerogen,37
kg,12
kick,319
kicking,2
kickoff,2
kiel,1
kill,12
killing,1
kilometer,9
kilometre,57
kimmerian,2
kimmeridge,12
kimmeridgian,54
kind,2
king,7
kitchen,5
klakk,1
klappmys,3
klappmyss,36
klegg,1
klinkenberg,1
km,259
knappen,1
kneler,3
knoll,120
knowledge,6
knurr,16
kobbe,73
koigen,1
kolje,14
kolmule,24
kong,1
kop,3
korpfjell,2
kpa,8
krabbe,5
krafla,12
kramsnø,1
kran,6
krep,1
krill,1
kristiansund,5
kristin,21
krog,11
krossfjord,25
kupferschiefer,7
kvaltann,1
kvitebj,2
kvitebjørn,9
kviting,2
kvitno,25
kvitnos,14
kvitsøy,1
kvitungen,2
kvitvole,2
kwikseal,1
kyrre,32
lab,3
laboratory,33
labour,4
lack,52
lag,1
lambda,3
lamina,2
laminae,3
laminas,3
lamination,6
land,1
landing,4
lang,162
lange,217
langenuen,1
langfjellet,6
language,71
lao,1
lap,2
lapping,2
latch,2
latching,1
laterolog,1
lavran,14
lax,3
layer,159
layout,1
lc,1
lcm,14
ldt,4
lead,10
leader,40
leak,69
leakage,30
leaking,2
lear,7
leave,1
leaving,3
ledge,1
ledging,1
left,2
leg,96
leiv,31
lemen,1
len,1
length,13
lens,4
lense,11
lerke,1
level,470
leviathan,1
lfa,1
lfc,8
lia,4
licence,63
license,64
licensee,3
licensing,1
lie,7
lift,4
ligcon,6
light,34
lignite,42
ligno,3
lignoslulfonate,1
lignosulfonate,13
lignosulfonite,1
lignosulphonate,293
lille,2
lime,38
limestone,500
limit,17
lindarorman,1
lindesne,4
line,827
lineament,3
liner,146
linerle,5
ling,6
linge,3
lingo,3
linnorm,1
liquid,25
lista,177
liter,1
litho,1
lithofacie,2
lithologically,1
lithology,128
litre,118
living,1
lmrp,5
ln,1
lng,1
load,7
loading,1
lobe,11
locality,2
location,409
lock,2
log,979
loge,1
logger,60
logging,49
logistic,1
logs,9
loke,4
lom,2
lomre,7
lomvi,16
loop,1
lopparyggen,2
lorry,1
loshavn,1
loss,114
lot,7
lovund,1
low,1
lowermost,3
lpr,1
lt,2
ltd,1
lubricant,3
lubricator,1
lulita,4
lulu,1
lund,1
lunde,213
luno,21
lupin,1
lupus,1
lustre,1
luva,4
lwd,62
lying,1
lynghaug,1
lyr,5
lysing,119
maastrichtian,21
mac,1
madam,2
maersk,17
magcobar,1
magcogel,2
magcolube,1
magma,2
magmatech,1
magne,3
magnesium,3
magnitude,7
magnu,1
magnus,9
main,6
mainbore,5
mainland,2
maintenance,1
mainwell,2
majority,12
make,2
makrell,4
malfunction,9
maløy,14
man,1
management,5
mandal,4
mandarin,1
manet,3
manifestation,1
manifold,1
manner,2
mantra,1
map,12
mappable,2
mapping,20
marc,1
march,287
marflo,12
margarita,3
margin,77
maria,2
marihøne,5
marin,1
marine,12
maritime,1
mark,8
marker,53
markera,1
marl,58
marlstone,2
marsvin,1
martin,2
mass,3
masøy,3
mat,1
match,17
matching,1
material,44
math,6
matrix,15
matter,10
maturation,3
mature,2
maturity,71
maud,2
maureen,19
max,11
maximise,2
maximize,2
maximum,104
mayen,4
mbrt,2
mc,2
mchenry,2
md,62
mdrt,1
mdt,28
mean,2
measurable,2
measure,12
measurement,243
measuring,1
mechanism,6
median,2
medium,31
meet,2
meeting,1
meg,2
megalodon,1
meile,2
melk,1
melke,1
melkøya,1
member,133
memory,4
mercurius,1
mercury,1
mesozoic,3
metamorphism,1
meter,331
meterage,1
metering,1
methane,54
method,10
methone,1
metre,167
metrol,1
mey,1
mft,1
mgs,3
mica,18
microblock,2
micron,1
microplankton,1
mid,2
middle,22
midgard,27
midland,1
midst,1
midway,2
migrant,3
migrating,1
migration,26
mikkel,10
mil,1
milan,1
milben,4
mile,24
milfree,1
mill,7
millidarcy,5
milling,5
milpolymer,1
miltemp,1
mim,6
mime,24
min,20
mineral,27
mineralogy,1
mini,19
minifrac,5
minifracture,1
minimise,1
minimize,1
minimum,1
minute,47
miocene,65
miring,1
mis,4
mismatch,5
mismatching,2
misrun,10
missing,1
mistake,1
mix,7
mixture,12
mjød,1
mjølner,1
mjøsa,2
ml,12
mll,2
mm,33
mmbbl,1
mmcf,1
mmcfd,2
mmcum,1
mmd,2
mmft,2
mmscf,1
mobil,2
mobile,1
mobility,15
mobilization,1
mode,8
model,72
modelling,2
modification,1
module,2
mokkukalven,3
moment,1
mongstad,4
monitor,9
monitoring,10
monocline,2
monoethylene,1
month,13
moon,2
mooring,4
moray,2
morex,2
morkel,1
morning,2
mort,1
morvin,2
motor,9
mound,9
movable,2
move,3
moveable,1
movement,9
mpa,5
mpr,2
mpsr,5
mr,1
mrch,1
mrf,2
mrsc,5
ms,10
msct,4
msec,1
msfl,1
msl,343
msm,3
mso,17
mss,1
mto,1
mtvd,4
mud,3
mudban,1
mudstone,66
multipay,1
multirate,1
munin,19
murchinson,1
murchison,3
musling,1
muster,1
mw,3
mwd,126
myr,1
myrhauk,1
mærsk,103
møre,23
nabm,5
nacl,34
name,24
nanna,2
nansen,16
nap,1
natalia,2
nature,30
naust,4
navigator,7
navion,9
nd,1
ne,5
nearbit,1
nearness,1
necessitating,1
neck,1
need,5
neighbour,1
neighbourhood,1
neighbouring,24
nemo,1
neptune,8
nesle,1
ness,70
nesss,1
net,54
nett,1
neutron,22
newdrill,4
ni,1
nil,5
nise,44
nitrate,1
nitrogen,9
njord,32
nmr,1
nna,1
nne,14
nnessv,1
nnw,16
noatun,2
nodule,3
noise,4
nomenclature,5
nona,3
none,30
noor,1
nopef,1
norall,1
nord,43
nordand,1
nordfjord,1
nordi,1
nordis,2
nordkapp,14
nordland,98
nordmela,112
nordraug,13
nordskald,8
nordtuva,1
norge,2
norjarl,3
norne,6
norol,1
norsel,1
norsk,9
norskald,19
north,981
northeast,10
northward,4
northwest,12
nortrym,34
norvarg,4
norway,35
norwegian,10
nose,11
note,2
nova,2
novamul,3
november,283
novus,1
nozzle,4
npd,24
npt,6
nucula,3
nudge,1
number,67
nunatak,2
nut,2
nutplug,1
nw,12
nygrunnen,4
nyslepp,2
obelix,2
obesum,3
object,7
objectiv,1
objective,1287
obligation,15
obm,43
obmi,1
observation,21
observed,16
obstacle,1
obstruction,11
obtain,4
occasion,8
occupie,2
occurrence,12
occurring,1
ocean,111
october,349
odin,16
odor,1
odour,48
odt,32
ofa,1
off,2
offset,8
oga,1
ogna,1
ohm,2
oi,1
oil,7636
oilfaze,2
oilfield,1
ole,2
ole_link,5
olefin,7
olefine,1
oligocene,67
olive,1
olselvar,1
omd,1
omega,19
one,5
onlap,1
onset,2
onshore,1
onyx,9
ooze,11
opal,3
open,1
opener,10
opening,36
operation,2555
operationsand,1
operator,19
optimus,2
option,2
orange,5
order,167
ordinate,1
ore,8
oreln,5
orientation,2
origin,17
originate,3
orion,13
orman,21
osebeg,1
oseberg,141
oselvar,6
oslash,2
osprey,1
other,4
out,2
outcome,3
outlet,2
outline,5
outlook,1
outskirt,1
overbalance,6
overbank,1
overburden,1
overgrowth,3
overlap,1
overlay,1
overlie,6
overpressure,21
overpull,2
overshot,4
overt,1
ovoid,2
owc,427
oxfordian,7
oxidation,1
pac,49
pack,22
package,30
packer,51
packing,3
packstock,1
pad,2
page,5
pair,1
palaeocene,2
palaeontology,1
palaeozoic,7
pale,15
paleo,3
paleocene,439
paleogene,4
paleoz,1
paler,2
palynoflora,1
palynology,1
palynomorph,3
pan,7
pandora,18
panel,6
paraffin,4
parallel,2
parameter,46
paratherm,18
parent,4
part,1213
parted,1
participant,1
particle,7
partner,4
partnership,5
party,1
pass,3
passage,2
past,1
pastel,1
patch,3
path,69
pathway,1
pattern,10
pay,232
pcd,1
pcl,1
pct,1
pdb,1
pdc,1
pdo,3
peak,98
peanut,1
pebble,4
pelerin,1
pendulum,1
penetrate,51
penetration,41
penguin,1
pentagone,10
pentane,2
peon,10
percent,51
percentage,2
perforation,77
perform,25
performadril,92
performadrill,7
performance,12
perimeter,1
period,156
periphery,7
perm,1
permabilitie,1
permability,2
permeability,244
permian,69
permission,5
permit,4
permo,11
person,1
personnel,4
pertinent,1
petro,1
petrofree,6
petrojarl,5
petroleum,155
petronord,1
pex,1
pgb,2
phase,91
phb,7
phenol,4
phenomenon,2
phi,2
phillip,12
phillips,4
phoenix,4
phosphate,1
phpa,38
pi,5
pick,6
picture,2
piece,9
piercement,2
piggvar,10
piggy,3
piggyback,1
pil,12
pill,418
pillow,3
pilot,361
pin,2
pinch,26
pinche,2
pinchout,1
pingvin,1
pinnsvin,1
pioneer,66
pipe,198
pipelax,12
pipeline,5
pipeseis,1
piston,2
pit,5
pl,22
place,38
plain,1
plan,32
plane,15
planning,6
plant,2
plastic,3
plate,1
platform,151
play,21
pleistocene,15
pliensbachian,4
pliocene,62
plot,16
plough,1
plt,19
plug,123
plugging,5
plutonic,2
pocket,9
pockmark,10
pod,14
point,432
pol,1
polarrev,1
polheim,3
polhem,3
poly,1
polyacrylamide,2
polyakylene,1
polyalkylene,2
polydrill,1
polyethylene,1
polyglomar,13
polyglycerol,1
polymer,646
polyol,1
polypropylene,1
polysal,2
pooh,2
pool,5
poorer,1
pop,1
population,1
pore,28
poroperm,3
porosity,709
porouse,1
port,1
portion,22
portlandian,1
portrush,1
position,192
positioning,2
possibility,29
post,53
potassium,8
potato,1
potential,73
pour,1
power,2
ppb,1
ppg,49
ppm,18
ppt,1
pq,2
pr,16
practice,3
prakla,2
pre,6
precaution,5
precipitation,1
prediction,9
predomominant,1
predrill,2
preference,2
prefrac,2
preparation,7
presence,245
present,25
preservation,6
pressure,1711
pretest,4
prevent,5
preventer,4
principal,10
principle,4
prinsen,2
priority,2
probability,8
probe,29
problem,1358
problema,1
problematic,2
procedure,9
proceed,1
proceeding,1
process,4
processing,1
producability,3
produce,7
produceability,2
producer,74
producible,5
product,5
production,475
productive,1
productivity,43
profile,15
prognosis,199
progradation,2
program,71
programme,66
progress,19
project,5
prolog,1
propane,4
property,301
proponol,1
proportion,9
proposal,1
prospect,918
prospectivity,21
protectomagic,1
protector,2
protrusion,2
prove,20
provenance,1
provide,2
province,44
proving,4
provision,3
proximity,11
ps,1
pseudo,8
psi,67
psia,5
psig,7
pt,25
ptb,3
ptil,1
pull,13
pulse,1
pump,7
pumping,7
purer,2
purpose,173
put,1
pvt,40
pyrite,3
pyrobituman,1
pyrolysis,1
qbroxin,1
qsst,1
quad,1
quadrill,2
quality,693
quantification,1
quantity,50
quarter,3
quartz,26
quartzite,4
quaternary,1
quest,2
quicksilver,3
quote,1
radius,1
raft,1
ragnarock,1
ragnarrock,1
ragnarrok,3
ragnfrid,5
rail,1
ram,7
range,138
rannoch,79
rare,1
ras,1
rat,6
rate,422
rathole,3
ratio,131
raudasen,1
raude,12
ravinement,2
ravnefjeld,3
ray,36
rb,2
rci,55
rcs,1
rcx,21
rd,6
rdt,6
reach,14
reaching,1
reaction,7
reactivation,1
reactive,2
reading,146
realgrunnen,19
reality,1
ream,2
reamer,3
reason,61
recipient,1
recognition,5
recognize,1
recombination,2
recompletion,1
reconnaissance,1
reconnoitre,1
record,21
recorder,3
recording,35
recover,8
recoverd,1
recovered,1
recovery,469
reddish,2
reduce,3
reduction,4
reentry,2
ref,2
reference,89
reflectance,29
reflection,13
reflectivity,2
reflector,69
regain,1
regard,1
regime,68
region,7
regolith,1
regression,1
regulation,9
reke,2
rel,3
relation,5
relationship,5
relative,4
release,2
relief,31
relinquishment,3
remainder,6
remnant,1
removal,3
repair,56
repeat,6
replace,2
replacement,47
report,22
representative,5
reproducibility,1
request,4
requirement,12
research,4
resemblance,1
reserve,93
reservoir,321
reset,1
residual,1
residue,43
residuum,1
resin,4
resinex,6
resistivity,85
resolution,12
resolve,2
resonance,3
resource,49
respect,22
response,42
respud,3
rest,43
restriction,15
result,1472
retainer,2
retort,1
retrieval,1
retrieve,11
retrograde,3
return,50
rev,7
reverse,1
reversing,4
revfall,2
revfallet,10
revision,2
rft,552
rheguard,1
rhyolite,1
richard,1
richness,2
ridge,68
rift,4
rig,404
rih,1
rim,7
rimfak,1
rind,1
ring,15
ringhorn,5
ringvasshøy,1
ringvassøy,5
rise,9
riser,48
riserless,8
risk,40
rkb,106
rll,1
rm,2
rmr,1
ro,2
roald,1
robbin,1
robertson,3
robin,1
rock,720
rodriguez,2
rogaland,93
rogn,5
roll,2
roller,1
rollover,3
rolvsne,1
romeo,1
ronaldo,2
room,4
rop,10
ror,93
ross,20
rotation,1
rothliegende,1
rotliegend,16
rotliegende,101
rotligende,1
roughneck,1
round,5
route,4
rov,11
rovarkula,1
rowan,2
rpqs,1
rt,3
rtt,1
rubber,3
rubble,1
rummel,1
rump,1
run,359
running,16
rush,1
rust,1
rutil,1
rw,1
rx,3
ryazanian,6
rygg,1
ryggsteinen,9
rz,1
røby,1
rødby,37
røye,26
sack,2
saddle,17
safemul,1
safety,14
saga,97
sail,16
sailing,2
saipem,2
sakmarian,4
salander,1
salina,1
salinex,10
salinity,13
salt,260
saltgel,1
saltwater,3
sample,2682
sampler,2
sampling,151
samson,1
sand,2509
sandaband,2
sandballer,1
sandlense,2
sandne,115
sandnessjøen,1
sandstone,3549
sandy,28
sank,1
santonian,2
satellite,4
satisfy,7
saturated,1
saturation,290
saturn,2
sauda,8
saver,3
saving,2
sbm,1
sbt,1
scale,14
scaling,1
scanner,2
scanning,9
scar,2
scarabeo,32
scarecrow,2
scenario,8
scf,7
schedule,19
scheme,1
schist,2
schlumberger,22
schuchert,1
scope,3
scotland,1
scout,22
screen,13
screening,7
scythian,2
sds,1
sea,1230
seabed,56
seafloor,24
seal,71
sealing,11
seam,6
seaman,1
seamen,1
search,3
season,6
seat,4
seawater,1013
sec,3
second,4
section,1485
sectionfrom,2
sector,27
securing,2
security,1
sedco,22
sediment,424
sedimentation,8
sedimentology,1
sedneth,3
seek,1
seeker,30
seepage,2
seeping,2
segment,220
seismic,2
seismometer,1
selandian,2
sele,101
selje,1
sem,1
senoniasphaera,1
sensor,11
separate,3
separation,11
separator,81
september,338
sequence,608
series,36
serif,1
serin,1
service,7
set,125
setting,25
settle,1
severity,1
seymour,1
sfc,1
sfnni,2
sft,6
shaft,2
shaker,5
shale,692
shaletrol,1
shaley,16
shalier,1
shallow,68
shallower,58
shallowness,1
shalock,1
shaly,43
shape,11
shay,1
sheaf,1
shear,8
sheet,1
shelf,27
shell,10
shetalnad,1
shetland,183
shift,83
ship,11
shipload,1
shipyard,2
shock,1
shoe,220
shooting,1
shore,24
shoreface,3
shot,15
shoulder,1
show,1944
shrinkage,1
shut,24
shutdown,2
shutoff,1
shutting,1
shuttle,2
si,3
side,221
sidestep,3
sidetrack,765
sidetracking,32
sidewall,247
sign,28
signal,3
signature,6
significance,4
sigrun,2
sildril,9
silica,11
silicate,15
silicification,3
silius,3
silstone,1
silt,32
siltsone,1
siltstone,196
silty,33
similarity,1
simulate,1
simulation,4
sinbad,2
sinemurian,1
site,54
situ,5
situation,67
size,54
skade,38
skagerrak,338
skalle,1
skalman,3
skarfjell,11
skarv,16
skaugumsasen,1
skerrie,1
skid,1
skim,2
skin,3
skinfak,4
skirne,1
sklinna,6
skrubbe,4
skrugard,1
slate,2
slb,1
sleeve,8
sleipner,277
slemmestad,3
slengfehøgda,1
slice,5
slicer,1
slide,14
slip,1
slope,23
slot,32
sloughing,9
slug,17
slump,7
slurry,13
slørebotn,3
smectite,1
smedvig,6
smell,10
smith,80
smithian,2
smørbukk,42
snadd,170
snaddformation,1
snefrid,1
snilehorn,2
snorre,54
snubbed,1
snubbing,4
snøhetta,1
snømus,1
soap,1
soda,8
sodium,17
sof,1
sogn,8
sognefjord,222
soil,4
sol,1
sola,17
solaris,1
solberg,4
soldogg,6
solid,18
solsikke,2
soltex,6
solution,10
solvent,5
sona,1
sonan,1
sonar,3
sonat,3
sone,1
songa,57
sonic,2
sotbakken,1
source,272
south,49
southeast,17
southeaster,1
southernmost,3
southward,6
southwest,34
sp,5
space,5
spacerun,16
span,184
sparse,2
spathian,1
spec,7
specification,1
specimen,1
speck,4
speed,4
spekk,30
spekkhugger,1
spelle,1
spending,2
sperry,1
spersene,64
spiculite,5
spill,17
spite,3
spitsbergen,14
splicing,1
splinex,1
splinter,1
split,1
splitter,2
spm,1
spmc,4
sponge,2
spool,1
spot,74
spp,1
springar,80
spud,172
spudded,3
spudding,1
spur,111
square,1
squeeze,14
sr,46
ss,32
ssdv,1
sse,8
sst,23
ssw,1
st,11
stab,1
stabilise,4
stabiliser,1
stability,22
stabilize,1
stabilizer,6
stack,29
stacking,1
stage,43
stain,80
staining,2
stand,4
standard,1
starch,2
start,7
state,1
statfjord,891
static,2
station,22
statoil,23
status,1
stavanger,12
stb,16
stbopd,1
steel,3
steering,3
steinbit,10
steinkobbe,1
stem,1559
stena,29
step,16
stepping,2
stethoscope,7
stetind,3
stick,2
sticking,6
stimulate,2
stimulation,32
stinger,9
stirby,1
sto,5
stock,34
stone,31
stop,1
storage,4
storbarden,1
stord,14
store,1
storkinn,1
storm,16
storskrymten,1
straddle,9
strain,2
strata,20
stratapac,1
strategy,6
stratigraphy,55
straw,6
streak,20
stream,10
streaming,50
strength,5
stress,7
stretch,2
strike,39
string,242
stringer,215
strontium,1
structuration,1
structure,1040
stuc,1
study,43
stuj,6
sturlason,1
style,114
stµr,2
stø,240
sub,98
subangular,1
subcrop,1
subdivision,2
subdue,1
subgroup,15
submarine,12
submersibel,1
subs,1
subsea,24
subsidence,1
subsidiary,1
subsiding,2
substantiate,2
substitute,1
subsurface,1
success,27
succession,60
suffix,1
suit,5
suite,18
sulphate,19
sulphide,2
sulphur,1
summary,3
summer,6
sun,1
supercharging,1
supermature,1
supply,3
support,13
surface,180
surveillance,1
survey,62
surveying,1
suspend,2
suspension,6
suspicion,1
svanefjell,1
svarte,6
svartha,1
sverdrup,66
sw,71
swaen,3
swc,27
swcs,2
sweater,4
sweep,33
swell,1
switch,2
swivel,1
syenite,3
sygna,2
symbol,4
syn,1
syncline,4
system,242
søgne,19
sølvkape,1
sør,60
sørbukk,1
sørvestlandet,19
sørøst,4
table,4
tag,2
tail,1
take,2
taking,1
tambar,4
tampen,29
tandem,1
tang,23
tank,37
tanker,1
taper,1
tapering,1
tar,4
tarbert,388
tarbet,1
tare,22
target,225
targeting,1
tarry,8
tarvos,4
tasta,1
tastaveden,1
taste,3
tau,31
tcp,1
td,364
tea,1
technique,7
technology,4
tectonic,1
tectonism,3
teist,11
telephone,1
temp,10
temperature,720
template,35
temporary,1
ten,1
tendency,3
tenneco,1
tension,2
tensioner,4
tentative,3
teq,2
terasss,1
term,40
terminate,2
termination,1
terne,1
terpane,1
terrace,230
territory,1
tertiary,3
tes,1
test,3992
teste,2
tester,7
testing,1762
testis,2
testrak,2
tethy,2
tettegra,1
texture,2
tgb,1
thank,1
therm,2
thermadril,2
thermadrill,1
thermometer,2
thermopol,3
theta,15
thetarbert,1
thevigdi,1
thick,2
thickening,6
thickness,327
thief,4
thin,1
thing,1
thinner,1
thinning,2
third,2
thompson,2
thought,17
thread,2
threshold,1
throat,1
througt,1
throw,5
thud,1
ti,8
tide,6
tie,40
tieback,1
tight,1
tighten,1
tilje,221
tilt,2
tilting,3
time,333
tip,8
tjalve,6
tjatse,1
tlc,5
tlp,2
tmax,20
toarcian,2
toc,92
today,5
toe,1
tofte,47
togi,3
tolerance,8
toll,1
toluene,1
tomma,11
tommeliten,5
ton,4
tong,1
tongue,8
tool,271
toolface,1
top,297
topa,8
topography,2
tor,361
tordi,21
tordis,6
tornerose,3
torque,8
torquing,1
torsk,8
torvastad,2
toscana,44
toskana,1
total,65
totalling,9
tott,1
toturonian,1
town,3
tox,1
toxicity,1
trace,290
tracer,5
track,148
tracking,10
trade,1
trajectory,11
trak,1
transfer,1
transformation,1
transgression,1
transgressive,6
transient,1
transit,1
transition,40
transocean,201
transport,3
transworld,2
trap,93
trapping,2
travel,1
traveler,5
traveller,5
trawl,1
trawler,1
treasure,133
treatment,20
tree,3
trell,1
trench,3
trend,41
trending,6
triangle,7
trias,4
triassic,249
trickle,1
trigon,7
trip,45
tripping,8
tritium,4
triton,1
trol,10
troll,109
trolla,1
trolley,2
trom,11
tromsøflaket,5
trond,1
trondheim,2
trost,2
trouble,11
trough,16
trow,2
trud,4
truncate,1
truncation,3
try,1
tryggvason,9
trym,27
træna,2
trænabanken,1
trøndelag,23
tstone,1
ttrm,1
tubaen,108
tube,1
tubing,24
tuff,20
tumler,2
tune,2
turbidite,40
turbiditic,7
turbidity,1
turbine,7
turbulence,2
turn,7
turonian,33
tuxen,4
tv,1
tvd,190
tvdmsl,4
tvdss,12
tvillingen,2
tvt,2
twgp,8
twist,8
twt,8
ty,1
tyne,20
type,128
typewell,1
tyr,2
tyrihan,9
tyttebær,1
ubi,1
uer,12
uk,10
ula,190
ultidril,3
ultidrill,1
ultradril,1
ultradrill,5
ultrafree,2
ulv,3
ulvetanna,2
un,1
uncertainty,53
unconformitie,4
unconformity,100
underlain,2
underreamer,5
underreaming,1
understand,2
understanding,18
undertake,1
uniform,1
union,1
unit,382
unknown,1
unload,1
up,10
updip,1
uplift,5
upthrown,1
uranium,1
use,31
utsira,7
uv,4
vade,4
valangian,1
valanginian,1
vale,54
valemon,2
valhall,22
vali,2
valiant,1
validate,1
valley,1
value,95
valve,17
vana,1
vanguard,114
vapour,1
varg,52
variable,7
variation,22
variety,1
varying,1
vas,9
vclay,1
vdl,1
vega,3
vegetable,1
vehicle,1
velocity,46
vema,1
venture,15
verdal,1
verdande,1
verify,2
verona,1
versaclean,1
versaport,3
versapro,1
versatherm,14
versatrol,2
versavert,33
vert,6
vertical,8
verticality,2
vertoil,3
ververis,1
veslefrikk,32
vessel,31
vest,16
vestland,50
vi,2
vibration,5
vicinity,9
victoria,3
vidar,4
view,2
vigdis,24
vigra,1
vikafjell,2
viking,16
vildcat,3
vildkat,41
vilje,5
vingleia,3
vinni,4
violet,1
viper,2
virgin,1
visc,1
viscosity,49
visean,1
vision,1
visplex,1
visual,1
visund,31
viti,2
vitrinite,9
voids,1
vol,9
volcanic,8
volgian,23
vollgrav,1
volume,114
voyager,1
vsh,3
vsi,1
vsp,30
vug,3
vuggy,3
vulture,12
waage,2
wait,1
wall,34
ward,1
warning,44
warp,8
warrant,3
wash,6
washing,6
washout,11
water,3987
waterbearing,1
waterflow,2
wave,5
wax,1
waxy,8
way,52
wb,4
wbm,43
wbs,1
wcfb,1
weakening,1
wear,2
weather,169
wedge,50
wedging,1
week,19
weight,128
weighting,2
well,367
wellbore,86
wellhead,63
wellpath,2
wellspot,1
west,474
westward,4
wet,14
whereof,4
whfp,1
whip,1
whipstock,1
white,1
whitish,3
whole,1
width,1
wildcat,1015
wilh,4
wilhelmsen,1
winch,2
wind,9
window,74
winner,40
winter,9
wintertime,1
wiper,17
wipertrip,1
wire,770
wireline,32
wishbone,1
wisting,2
wit,3
witch,3
wnw,5
wordie,1
wore,1
work,30
working,1
world,2
wow,2
wp,1
wpi,1
wrench,1
wt,8
wut,6
xanvis,1
xc,9
xenon,1
xlot,1
xp,30
xpt,11
xrd,1
yard,2
yatzy,5
year,19
yellow,3
yellowish,3
yield,5
ylvingen,2
yme,21
yoda,2
yttergryta,1
zapata,26
zechstein,197
zechstien,1
zeogel,2
zeta,3
zidane,2
zit,2
zita,2
znco,1
zone,239
zumba,1
ºapi,1
ægir,2
ærfugl,3
øa,1
ørgvin,1
ørn,1
ørnen,1
øst,33
